title,department
Director of Channel Sales,Sales
Litigation Manager,Legal
Associate Attorney,Legal
Legal Administrator,Legal
VMware Administrator,IT
HR Specialist,HR
Field Support Engineer,Helpdesk
Recruitment Manager,HR
Senior Budget Analyst,Finance
Information Security Analyst,Security
Head of Performance Marketing,Marketing
IT Administrator,IT
AWS Security Engineer,Security
International Tax Manager,Finance
Chief Executive,Executive
AR Manager,Finance
Senior Storage Administrator,IT
Senior Content Strategist,Marketing
Help Desk Support Analyst,Helpdesk
Chief Operations Officer,Executive
Lead Systems Engineer,IT
Penetration Tester,Security
SOAR Engineer,Security
SEO Manager,Marketing
Staff Data Engineer,Software Engineer
Senior People Partner,HR
Executive Assistant to the CTO,Executive Assistant
Storage Engineer,IT
Senior Personal Assistant,Executive Assistant
Business Chief of Staff to the CEO,Executive Assistant
Senior Software Architect,Software Engineer
Back-End Developer,Software Engineer
Deputy General Counsel,Legal
Chief Medical Officer,Executive
Secure Code Reviewer,Security
Divisional Controller,Finance
Onboarding Specialist,HR
Senior Litigation Counsel,Legal
Marketing Ops Manager,Marketing
SVP Finance,Finance
Senior Cost Accountant,Finance
VP of Brand,Marketing
Field Support Analyst,Helpdesk
Press Officer,Marketing
Field Marketing Specialist,Marketing
Employment Counsel,Legal
"Manager, Revenue Operations",Sales
Administrative Assistant to the Chairman,Executive Assistant
Lead Network Engineer,IT
SDE II,Software Engineer
Routing and Switching Engineer,IT
Senior Management Accountant,Finance
Compliance Manager,Legal
IAM Analyst,Security
Director of Public Relations,Marketing
Demand Gen Manager,Marketing
HR Assistant,HR
Service Desk Engineer,Helpdesk
Cloud Infrastructure Architect,IT
Executive Business Partner to Leadership,Executive Assistant
Head Executive Assistant,Executive Assistant
SCCM Administrator,IT
Sales Associate,Sales
IT Helpdesk Support Engineer,Helpdesk
Privacy Officer,Legal
Head of Group Finance,Finance
Network Systems Engineer,IT
Identity Management Engineer,IT
Director of Legal Operations,Legal
IT Support Coordinator,Helpdesk
Vice Chairman,Executive
FP&A Manager,Finance
IT Support Intern,Helpdesk
Group Chief Executive Officer,Executive
Configuration Management Engineer,IT
Technical Support Supervisor,Helpdesk
Fractional CMO,Marketing
IT Support Supervisor,Helpdesk
Chairman Emeritus,Executive
Talent Acquisition Partner,HR
Entry Level IT Support Specialist,Helpdesk
Total Rewards Manager,HR
Business Information Security Officer (BISO),Security
SDET,Software Engineer
Senior Security Architect,Security
Executive Assistant to the Leadership Team,Executive Assistant
Inside Sales Representative,Sales
Head of IT Infrastructure,IT
Financial Reporting Analyst,Finance
Executive Business Partner II,Executive Assistant
Customer Marketing Manager,Marketing
Senior SDE,Software Engineer
Applied ML Engineer,Software Engineer
Director of Growth,Marketing
Executive Vice President of Finance,Finance
Chief Talent Officer,HR
Systems Reliability Engineer,IT
Executive Chairman,Executive
Workday Analyst,HR
Service Desk Specialist,Helpdesk
DBA,IT
Senior Director of Cyber Defense,Security
Chief Executive & Managing Director,Executive
Helpdesk Technician,Helpdesk
Tax Analyst,Finance
Senior Billing Analyst,Finance
Corporate Attorney,Legal
Lead Security Engineer,Security
Gameplay Engineer,Software Engineer
Technical Support Lead,Helpdesk
Associate Account Manager,Sales
Help Desk Specialist,Helpdesk
Lead Help Desk Analyst,Helpdesk
Revenue Recognition Manager,Finance
CPA,Finance
Deputy CFO,Finance
EA to the Founder,Executive Assistant
Payroll Accounting Manager,Finance
Enterprise Infrastructure Architect,IT
Junior Service Desk Analyst,Helpdesk
Java Developer,Software Engineer
Senior Account Manager,Sales
Senior Legal Advisor,Legal
Lead HRBP,HR
IT Support Agent,Helpdesk
Business Development Associate,Sales
"Vice President, Corporate & Executive Affairs",Executive
Vulnerability Management Lead,Security
Chief Business Officer,Executive
Social Media Strategist,Marketing
Junior Help Desk Technician,Helpdesk
Senior Executive Assistant,Executive Assistant
"VP, Learning & Development",HR
Global Head of Field Marketing,Marketing
Deal Desk Manager,Sales
Assistant General Counsel,Legal
Associate Product Marketing Manager,Marketing
General Counsel,Legal
LAN/WAN Engineer,IT
Principal Security Engineer,Security
Enterprise Security Architect,Security
Cyber Risk Analyst,Security
Chief Financial Officer,Executive
VP of Regulatory Affairs,Legal
Chief Strategy Officer,Executive
Contract Negotiator,Legal
Executive Assistant to the Managing Director,Executive Assistant
"President, EMEA",Executive
Tier 2 Security Analyst,Security
Of Counsel,Legal
Senior FP&A Analyst,Finance
Server Operations Engineer,IT
Technical Account Manager,Sales
IAM Engineer,Security
Senior Demand Generation Manager,Marketing
Executive Assistant to the CMO,Executive Assistant
"Chief of Staff, Legal",Legal
Linux SysAdmin,IT
Barrister,Legal
Chief of Staff to the CTO,Executive Assistant
CSIRT Analyst,Security
Senior Finance Manager,Finance
Board Member,Executive
Head of Talent,HR
Compliance Specialist,Legal
Chief Revenue Officer,Executive
PAM Administrator,Security
"VP of Sales, EMEA",Sales
Accounts Receivable Clerk,Finance
Data Protection Officer,Legal
Strategic Account Manager,Sales
Endpoint Management Engineer,IT
People Analytics Manager,HR
Executive Assistant to the Executive Director,Executive Assistant
Chief Operating Officer,Executive
Computer Programmer,Software Engineer
Executive Vice President & Chief Operating Officer,Executive
Global Privacy Counsel,Legal
PA / Office Manager to the CEO,Executive Assistant
Account Based Marketing Manager,Marketing
Service Desk Representative,Helpdesk
Litigation Paralegal,Legal
Help Desk Support Technician,Helpdesk
Major Account Manager,Sales
CSPM Engineer,Security
Intune Administrator,IT
2nd Line Service Desk Analyst,Helpdesk
Cloud Operations Engineer,IT
Head of Business Development,Sales
Commercial Solicitor,Legal
IT Director,IT
Accounts Payable Specialist,Finance
"Director, Demand Generation",Marketing
"Regional General Counsel, EMEA",Legal
"President, North America",Executive
AI Engineer,Software Engineer
"VP, Sales",Sales
Intercompany Accountant,Finance
Regional Finance Director,Finance
Commercial Finance Analyst,Finance
Storage Administrator,IT
SAN Administrator,IT
Training Manager,HR
Revenue Accountant,Finance
Special Assistant to the CEO,Executive Assistant
Finance Business Partner,Finance
Cyber Threat Intelligence Lead,Security
Staff Backend Engineer,Software Engineer
NLP Engineer,Software Engineer
Plant Controller,Finance
Senior Backend Engineer,Software Engineer
"VP, Cyber Security",Security
Channel Marketing Manager,Marketing
IT Operations Engineer,IT
SEO Analyst,Marketing
Computer Vision Engineer,Software Engineer
Principal Executive Assistant,Executive Assistant
Contracts Specialist,Legal
Chairman & CEO,Executive
Enterprise Account Executive,Sales
Regional Controller,Finance
"Manager, Corporate Development & Finance",Finance
Head of Enterprise Sales,Sales
"Executive Assistant, Office of the President",Executive Assistant
Private Personal Assistant to the Chairman,Executive Assistant
Senior Inside Sales Representative,Sales
Software Engineering Manager,Software Engineer
"Manager, Network Operations",IT
IT Support Analyst,IT
Front End Developer,Software Engineer
Head of Sales,Sales
Benefits Coordinator,HR
Legal Adviser,Legal
Application Architect,Software Engineer
Director of Learning & Development,HR
Marketing Data Analyst,Marketing
Executive Assistant to the Board,Executive Assistant
Finance Operations Manager,Finance
Executive Assistant with Travel Management,Executive Assistant
Deskside Support Technician,Helpdesk
Virtualization Engineer,IT
Senior Virtualization Engineer,IT
Lead Paralegal,Legal
Technical Support Analyst,Helpdesk
Corporate Recruiter,HR
Collaboration Systems Engineer,IT
Director of Payroll,HR
Customer Success Manager,Sales
Compliance and Ethics Director,Legal
Security Engineer,Security
Sales Development Manager,Sales
Associate Director of Marketing,Marketing
Communications Manager,Marketing
IT Support Representative,Helpdesk
Senior Programmer,Software Engineer
Executive Coordinator to the CEO,Executive Assistant
Director of Business Development,Sales
Embedded Software Engineer,Software Engineer
Customer Growth Manager,Sales
Principal Product Marketing Manager,Marketing
Administrerende Direktør,Executive
Field Marketing Manager,Marketing
Personal Assistant to the Founder,Executive Assistant
Junior Software Engineer,Software Engineer
Cloud Native Developer,Software Engineer
Software Engineer II,Software Engineer
Director of Marketing Operations,Marketing
Digital Account Executive,Sales
HRBP,HR
Executive Assistant to the COO,Executive Assistant
Senior AI Engineer,Software Engineer
Certified Ethical Hacker,Security
Senior Technical Support Specialist,Helpdesk
In-House Solicitor,Legal
Data Protection Advisor,Legal
Regional Sales Director,Sales
Senior Help Desk Analyst,Helpdesk
IT Support Officer,Helpdesk
Executive Assistant to the Vice President,Executive Assistant
Digital Marketing Specialist,Marketing
Presidente do Conselho,Executive
IT Helpdesk Technician,Helpdesk
Executive Support Officer to the Managing Director,Executive Assistant
"VP, Infrastructure & Operations",IT
SDR,Sales
Deputy Chief of Staff to the CEO,Executive Assistant
Commercial Contracts Manager,Legal
Senior Solicitor,Legal
Cost Accountant,Finance
Client Account Manager,Sales
Senior SEO Specialist,Marketing
Content Marketing Specialist,Marketing
Fractional CFO,Finance
"Executive Assistant, Office of the CEO",Executive Assistant
Retention Marketing Manager,Marketing
Staff Frontend Engineer,Software Engineer
Chief Accounting Officer,Finance
Head of Contracts,Legal
Purple Team Lead,Security
Senior GL Accountant,Finance
Finance Analyst,Finance
EA to the Executive Team,Executive Assistant
Presales Solutions Engineer,Sales
Tier 3 SOC Analyst,Security
Executive Administrative Assistant,Executive Assistant
Payroll Administrator,HR
Software Development Engineer,Software Engineer
Group Product Marketing Manager,Marketing
Employee Relations Coordinator,HR
Network Administrator,IT
Desktop Support Manager,Helpdesk
Financial Controller,Finance
Senior Cloud Security Engineer,Security
Recruiter,HR
Cloud Infrastructure Engineer,IT
Marketing Program Manager,Marketing
Regional President,Executive
Product Security Lead,Security
Staff Platform Engineer,Software Engineer
Build Engineer,Software Engineer
Help Desk Agent,Helpdesk
Head of People & Culture,HR
Senior Tax Accountant,Finance
Senior Java Engineer,Software Engineer
Lead Software Engineer,Software Engineer
Chief People & Culture Officer,HR
Senior Desktop Support Engineer,Helpdesk
Executive Assistant to the C-Suite,Executive Assistant
Senior Legal Analyst,Legal
Executive Assistant and Office Manager,Executive Assistant
SIEM Engineer,Security
Diretor Executivo,Executive
Amministratore Delegato,Executive
Chief Growth Officer,Executive
ML Engineer,Software Engineer
Secretary to the Board,Executive Assistant
Chief of Staff to the Managing Partner,Executive Assistant
Head of People Operations & Talent,HR
Senior Tax Analyst,Finance
Commercial Counsel,Legal
End User Computing Technician,Helpdesk
Director of Human Resources,HR
Security Controls Assessor,Security
IT Service Desk Coordinator,Helpdesk
Principal Software Engineer,Software Engineer
Learning & Development Lead,HR
CRM Marketing Manager,Marketing
Senior HR Manager,HR
Market Development Representative,Sales
Mid-Market Account Executive,Sales
Go Developer,Software Engineer
Employee Relations Specialist,HR
Assistant Finance Manager,Finance
Executive Coordinator to the President,Executive Assistant
Contracts Administrator,Legal
Head of Talent Acquisition,HR
VP of FP&A,Finance
Compliance Counsel,Legal
People Operations Coordinator,HR
AP Manager,Finance
Virtualization Administrator,IT
VP of Enterprise Sales,Sales
Payroll Manager,HR
Security Risk Manager,Security
Firmware Engineer,Software Engineer
IT Support Consultant,Helpdesk
Integrated Campaign Manager,Marketing
Directeur Général Adjoint,Executive
Content Detection Engineer (SIEM),Security
SMB Account Executive,Sales
Full Stack Engineer,Software Engineer
Full-Cycle Recruiter,HR
Technical Support Specialist,Helpdesk
Intellectual Property Counsel,Legal
Kubernetes Security Engineer,Security
Deputy Controller,Finance
Technical Support Agent,Helpdesk
Chair of the Board,Executive
Senior Chief of Staff,Executive Assistant
L1 Support Technician,Helpdesk
President Emeritus,Executive
Technical Product Marketing Manager,Marketing
IT Operations Lead,IT
VP of Compliance,Legal
Junior Technical Support Analyst,Helpdesk
Tier 2 Desktop Support Technician,Helpdesk
Senior Contracts Manager,Legal
End User Computing Engineer,Helpdesk
"Senior Director, Marketing",Marketing
Chief Customer Officer,Executive
Remote Executive Assistant to the Founder,Executive Assistant
Azure Security Engineer,Security
Unified Communications Engineer,IT
Brand Manager,Marketing
Accounting Director,Finance
President and Chief Executive Officer,Executive
Executive Assistant to the Chief Product Officer,Executive Assistant
Privacy Analyst,Legal
Executive Assistant to the Chairman,Executive Assistant
Executive Aide,Executive Assistant
"Executive Vice President, Corporate Development",Executive
IT Systems Administrator,IT
Legal Advisor,Legal
InfoSec Analyst,Security
Copywriter,Marketing
Project Accountant,Finance
EA to the CEO,Executive Assistant
Operating Partner,Executive
Renewals Specialist,Sales
VP People & Culture,HR
VP & Controller,Finance
Senior Copywriter,Marketing
Senior Detection Engineer,Security
Senior Sales Development Representative,Sales
Senior Attorney,Legal
Growth Hacker,Marketing
Paralegal Manager,Legal
Active Directory Engineer,IT
Senior IT Manager,IT
iOS Software Engineer,Software Engineer
Node.js Developer,Software Engineer
Recruitment Specialist,HR
Citrix Engineer,IT
Tier 1 SOC Analyst,Security
Senior Staff Accountant,Finance
IT Service Delivery Manager,IT
Patent Counsel,Legal
Senior HR Specialist,HR
Co-Owner,Executive
Patch Management Engineer,IT
Security Operations Manager,Security
Anti-Money Laundering Officer,Legal
Senior Network Engineer,IT
Technical Support Engineer,Helpdesk
UI Engineer,Software Engineer
MERN Stack Developer,Software Engineer
"Sales Director, West Region",Sales
President & COO,Executive
Desktop and Field Support Technician,Helpdesk
Swift Developer,Software Engineer
Kotlin Developer,Software Engineer
DevSecOps Engineer,Security
IT Support Apprentice,Helpdesk
HRIS Specialist,HR
Senior Executive Business Partner,Executive Assistant
Audit Associate,Finance
Senior GRC Analyst,Security
Personal Executive Assistant to the Founder,Executive Assistant
VP of Sales Engineering,Sales
Junior Software Developer,Software Engineer
SOC Analyst II,Security
Channel Development Manager,Sales
Deskside Support Engineer,Helpdesk
Threat Intelligence Analyst,Security
Cloud Security Architect,Security
Chief Business Development Officer,Executive
Junior IT Support Technician,Helpdesk
Administrative Business Partner to the VP,Executive Assistant
Brand Marketing Manager,Marketing
Chief Innovation Officer,Executive
Director of Accounting,Finance
Executive Assistant to the Regional Director,Executive Assistant
Compliance Director,Legal
Principal,Executive
Prezes Zarządu,Executive
Corporate Communications Manager,Marketing
Security Architect,Security
Real Estate Paralegal,Legal
ETL Developer,Software Engineer
Tier 2 Help Desk Analyst,Helpdesk
Sales Director,Sales
Equity Partner,Executive
Compensation Manager,HR
Aide to the Chief Executive Officer,Executive Assistant
Associate Security Analyst,Security
Growth Lead,Marketing
Budgeting & Forecasting Manager,Finance
CFO,Executive
Corporate Controller,Finance
VMware Engineer,IT
Senior Front-End Developer,Software Engineer
Senior IT Support Analyst,Helpdesk
Product Marketing Coordinator,Marketing
Group Chief Executive,Executive
Threat Hunting Lead,Security
Chief Impact Officer,Executive
Comms Manager,Marketing
Junior Systems Engineer,IT
PostgreSQL Database Administrator,IT
Director of Brand Marketing,Marketing
Senior HRIS Analyst,HR
Desktop Support Technician,Helpdesk
Account Manager,Sales
SOC Manager,Security
Head of Compliance,Legal
Editorial Director,Marketing
Product Counsel,Legal
"VP of Sales, APAC",Sales
Web Application Penetration Tester,Security
Instructional Designer,HR
Treasurer,Finance
"VP, Global Marketing",Marketing
Email Security Engineer,Security
Sales Representative,Sales
Lead Financial Analyst,Finance
Presidente Ejecutivo,Executive
Senior SysAdmin,IT
Cloud Security Analyst,Security
Indirect Tax Manager,Finance
Marketing Automation Specialist,Marketing
Senior Finance Business Partner,Finance
Executive Officer,Executive
Head of Growth,Marketing
Dispute Resolution Counsel,Legal
Compensation & Benefits Manager,HR
Help Desk Representative,Helpdesk
FP&A Business Partner,Finance
Marketing Associate,Marketing
Director of IT Infrastructure,IT
Global Head of Compliance,Legal
Mobile Engineer,Software Engineer
Administrative Business Partner,Executive Assistant
"Vice President, Infrastructure",IT
Head of Tax,Finance
Help Desk Supervisor,Helpdesk
BDR Manager,Sales
Identity Security Architect,Security
SWE,Software Engineer
1st Line Service Desk Analyst,Helpdesk
Property Accountant,Finance
Senior SRE,Software Engineer
L1 IT Support Engineer,Helpdesk
Compensation Specialist,HR
Labor and Employment Counsel,Legal
Incident Responder,Security
Administrative Assistant to the CFO,Executive Assistant
Regional Field Marketing Manager,Marketing
Talent Acquisition Lead,HR
Chief Executive Officer & Founder,Executive
"President, Global Operations",Executive
People Operations Associate,HR
Litigation Counsel,Legal
IT Support Team Lead,Helpdesk
Field Sales Manager,Sales
Software Development Engineer III,Software Engineer
Collections Specialist,Finance
Benefits Analyst,HR
Golang Engineer,Software Engineer
Group Accountant,Finance
HR Consultant,HR
Infrastructure Security Engineer,Security
Junior Network Engineer,IT
Senior Machine Learning Engineer,Software Engineer
Paid Media Specialist,Marketing
Legal Analyst,Legal
Senior Technical Recruiter,HR
Senior Mobile Engineer,Software Engineer
Lifecycle Marketing Manager,Marketing
Flutter Developer,Software Engineer
Legal Counsel,Legal
AP/AR Clerk,Finance
Active Directory Administrator,IT
Director of Talent Acquisition,HR
Senior Financial Accountant,Finance
Director of Sales,Sales
Country Manager,Executive
Managing Counsel,Legal
Chief Executive Assistant,Executive Assistant
Head of Learning & Development,HR
Cyber Security Program Director,Security
Administrative Assistant to the CEO,Executive Assistant
Marketing Assistant,Marketing
Cash Management Analyst,Finance
IT Systems Analyst,IT
EA to the Board,Executive Assistant
Executive Assistant to the Chief of Staff,Executive Assistant
Payroll Analyst,HR
Senior Penetration Tester,Security
Director of Finance,Finance
Corporate Secretary,Legal
Scala Developer,Software Engineer
Private PA to the Managing Director,Executive Assistant
Direttore Generale,Executive
Security Operations Center Engineer,Security
Inside Sales Manager,Sales
Fixed Asset Accountant,Finance
Python Developer,Software Engineer
Frontend Engineer,Software Engineer
API Engineer,Software Engineer
Executive Assistant to the Founder,Executive Assistant
Chief Human Resources Officer,Executive
Regional Vice President of Sales,Sales
Expansion Account Executive,Sales
Founding Partner,Executive
Compliance Associate,Legal
Technical Support Representative,Helpdesk
Senior iOS Developer,Software Engineer
Junior Systems Administrator,IT
DFIR Analyst,Security
Head of People Operations,HR
Manager of Learning & Development,HR
Principal HR Business Partner,HR
Human Resources Manager,HR
Executive Assistant to Two Executives,Executive Assistant
Total Rewards Analyst,HR
Deputy Data Protection Officer,Legal
District Sales Manager,Sales
Remote Support Technician,Helpdesk
Service Desk Manager,Helpdesk
Senior Site Reliability Engineer,Software Engineer
Credit Controller,Finance
Director of Software Engineering,Software Engineer
Director of Sales Operations,Sales
Vice President & General Manager,Executive
Senior Regulatory Affairs Manager,Legal
Email Marketing Manager,Marketing
"President, APAC",Executive
Senior VMware Engineer,IT
Social Media Manager,Marketing
Vice President of Marketing Operations,Marketing
Staff Financial Analyst,Finance
Strategic Alliances Manager,Sales
Windows Server Administrator,IT
Staff DevOps Engineer,Software Engineer
Strategic HR Business Partner,HR
Monitoring Engineer,IT
Identity and Access Management Engineer,IT
Human Resources Generalist,HR
Principal Sales Engineer,Sales
Head of Business Unit,Executive
Management Accountant,Finance
Sales Solutions Architect,Sales
Director of Revenue Accounting,Finance
Third Line Support Engineer,Helpdesk
Senior Marketing Coordinator,Marketing
Senior Marketing Operations Manager,Marketing
Vice President of Sales,Sales
IT Operations Manager,IT
Senior IAM Engineer,Security
Executive Business Partner to the VP of Engineering,Executive Assistant
Company Secretary,Legal
Staff Accountant,Finance
Principal Software Architect,Software Engineer
Junior Penetration Tester,Security
Deep Learning Engineer,Software Engineer
Executive Assistant III,Executive Assistant
DEI Specialist,HR
SOC Analyst,Security
Associate Executive Assistant,Executive Assistant
VP of Corporate Communications,Marketing
Chief Legal Officer,Executive
User Support Specialist,Helpdesk
Application Developer,Software Engineer
PC Support Technician,Helpdesk
Community Manager,Marketing
Head of Employee Relations,HR
Executive Support Specialist to the CEO,Executive Assistant
Co-Founder,Executive
Founder & Managing Partner,Executive
Office Manager to the CEO,Executive Assistant
Staffing Manager,HR
Member of the Board,Executive
Legal Operations Specialist,Legal
Content Strategist,Marketing
Cloud Platform Engineer,IT
Technical Support Team Lead,Helpdesk
End User Computing Specialist,Helpdesk
Spark Developer,Software Engineer
IT Infrastructure Consultant,IT
Red Team Operator,Security
Executive Assistant to the Dean,Executive Assistant
Administrative Assistant to the Executive Director,Executive Assistant
Chief Experience Officer,Executive
Tier 2 Technical Support Specialist,Helpdesk
Executive Assistant and Project Coordinator,Executive Assistant
Data Protection Manager,Legal
HR Data Analyst,HR
Data Pipeline Engineer,Software Engineer
Executive Assistant to the CHRO,Executive Assistant
L3 Support Engineer,Helpdesk
Demand Generation Specialist,Marketing
Head of Demand Gen,Marketing
Computer Security Incident Response Manager,Security
IT Security Risk Analyst,Security
Wireless Network Engineer,IT
"Chief of Staff, Office of the CEO",Executive Assistant
GRC Manager,Security
Staff SRE,Software Engineer
总经理,Executive
Partner,Executive
CRO,Executive
Director of HRIS,HR
Help Desk Support Manager,Helpdesk
Senior .NET Engineer,Software Engineer
Principal Executive Business Partner,Executive Assistant
Group Policy Administrator,IT
PPC Specialist,Marketing
Head of Regulatory Affairs,Legal
Sales Operations Manager,Sales
Managing Director & CEO,Executive
Associate Chief of Staff,Executive Assistant
Personal Assistant to the Chairman,Executive Assistant
Director of Employee Relations,HR
Help Desk Technician,Helpdesk
Chief Product Officer,Executive
Senior Director of People,HR
SOC Automation Engineer,Security
Data Privacy Manager,Legal
Senior Data Engineer,Software Engineer
"Sales Director, Enterprise",Sales
Co-CEO,Executive
Senior Frontend Engineer,Software Engineer
President & CEO,Executive
Senior Administrative Assistant to the CEO,Executive Assistant
Data Center Operations Engineer,IT
Office 365 Administrator,IT
Desktop Support Engineer,Helpdesk
SQL Server DBA,IT
Marketing Manager,Marketing
Executive Assistant to the CFO,Executive Assistant
Network Operations Engineer,IT
Field Account Executive,Sales
"Director, People & Culture",HR
Divisional CFO,Finance
Vulnerability Management Engineer,Security
Cyber Security Architect,Security
Head of Finance,Finance
Customer Technical Support Specialist,Helpdesk
Managing Director,Executive
"VP, People Operations",HR
Platform Security Engineer,Security
Executive Vice President,Executive
CISO,Executive
Enterprise Software Architect,Software Engineer
Key Account Manager,Sales
Security Program Manager,Security
Software Engineer,Software Engineer
EA to the Managing Director,Executive Assistant
Executive Secretary to the Managing Director,Executive Assistant
Senior Network Administrator,IT
Executive Assistant to the City Manager,Executive Assistant
Senior Compensation Analyst,HR
Personal Assistant to the Chief Executive,Executive Assistant
Personal Assistant to the Executive Director,Executive Assistant
Chartered Certified Accountant,Finance
Senior EA to the President,Executive Assistant
Enterprise Sales Specialist,Sales
Senior Infrastructure Engineer,IT
"SE, Enterprise",Sales
Vue.js Developer,Software Engineer
AppSec Engineer,Security
Communications Coordinator,Marketing
Chief of Staff to the Founder,Executive Assistant
Executive Assistant supporting the CEO and COO,Executive Assistant
Director of Regulatory Affairs,Legal
Events Coordinator,Marketing
Chief Operating Partner,Executive
Head of Legal Operations,Legal
Senior Partner,Executive
Software Developer,Software Engineer
Director of Communications,Marketing
Mobile Application Pentester,Security
Senior Accounting Manager,Finance
Group General Counsel,Legal
Tier 3 Support Specialist,Helpdesk
Inside Sales Team Lead,Sales
Developer Platform Engineer,Software Engineer
Executive Assistant to the Chief People Officer,Executive Assistant
Director of Sales Development,Sales
Paid Media Manager,Marketing
Lead Executive Assistant,Executive Assistant
Windows Systems Administrator,IT
Senior Digital Marketing Manager,Marketing
Chief Brand Officer,Marketing
General Ledger Accountant,Finance
.NET Developer,Software Engineer
Threat Hunter,Security
Desktop Support Administrator,Helpdesk
Email Marketing Specialist,Marketing
Assistant Financial Controller,Finance
Director of Sales Engineering,Sales
"SVP, Global Security & Risk",Security
IAM Administrator,IT
Cloud Infrastructure Security Lead,Security
"Vice President, Finance & Accounting",Finance
Senior Revenue Accountant,Finance
Group CFO,Executive
Channel Sales Manager,Sales
Tier 1 Help Desk Technician,Helpdesk
IP Counsel,Legal
Solutions Architect,Software Engineer
Chief Privacy Officer,Legal
COO,Executive
Quality Engineer,Software Engineer
"Regional Sales Director, EMEA",Sales
Director of Tax,Finance
President & Founder,Executive
L1 Service Desk Analyst,Helpdesk
VP of Channel Sales,Sales
Service Desk Support Analyst,Helpdesk
HR Operations Manager,HR
Remote Help Desk Analyst,Helpdesk
Vice President of IT Operations,IT
Service Desk Supervisor,Helpdesk
Administrative Assistant to the Board,Executive Assistant
Application Support Technician,Helpdesk
Threat Researcher,Security
Junior Executive Assistant,Executive Assistant
Head of IT,IT
Non-Executive Director,Executive
VP of Inside Sales,Sales
CEO,Executive
Head of Brand,Marketing
End User Support Engineer,Helpdesk
Executive Personal Assistant,Executive Assistant
Privacy Counsel,Legal
Principal Security Architect,Security
Training Coordinator,HR
L2 Desktop Support Technician,Helpdesk
Executive Support Assistant to the Board,Executive Assistant
Distributed Systems Engineer,Software Engineer
Unix Systems Administrator,IT
Senior Application Security Engineer,Security
Director of Corporate Communications,Marketing
MySQL Database Administrator,IT
Senior Python Engineer,Software Engineer
Embedded C Developer,Software Engineer
Azure Infrastructure Engineer,IT
Inbound Sales Development Representative,Sales
Search Marketing Manager,Marketing
Marketing Copywriter,Marketing
Tax Accountant,Finance
Reseller Account Manager,Sales
Corporate Counsel,Legal
Board Director,Executive
Senior SWE,Software Engineer
Conversion Rate Optimization Specialist,Marketing
Directrice Générale,Executive
Backup Administrator,IT
Database Systems Engineer,IT
Senior Credit Controller,Finance
Chief Risk Officer,Executive
IT Business Systems Analyst,IT
Event Marketing Manager,Marketing
Personnel Manager,HR
Director of Network Engineering,IT
People Ops Specialist,HR
Trainee Accountant,Finance
SVP Human Resources,HR
Senior Help Desk Technician,Helpdesk
Employee Experience Specialist,HR
Client Support Technician,Helpdesk
Telecom Systems Engineer,IT
Director of IT,IT
Principal Systems Engineer,IT
Analytics Engineer,Software Engineer
Senior DevSecOps Engineer,Security
Blockchain Developer,Software Engineer
Datacenter Engineer,IT
Payroll Specialist,HR
Senior FP&A Manager,Finance
Co-Founder & CTO,Executive
Senior Service Desk Engineer,Helpdesk
Patent Agent,Legal
Onsite Support Technician,Helpdesk
Executive Secretary to the CEO,Executive Assistant
Account Executive,Sales
Senior Threat Intelligence Analyst,Security
Business Development Lead,Sales
EVP of Human Resources,HR
UI Developer,Software Engineer
Associate Account Executive,Sales
VP of Information Security,Security
Trade Show Coordinator,Marketing
Backup and Recovery Engineer,IT
Help Desk Analyst,Helpdesk
Administrative Assistant to Senior Management,Executive Assistant
Enterprise BDR,Sales
Chief Information Security Officer,Executive
SIEM Content Developer,Security
AWS Infrastructure Engineer,IT
Internal Communications Manager,Marketing
Channel Account Manager,Sales
SEM Specialist,Marketing
Training Specialist,HR
Mobile Application Developer,Software Engineer
Director General,Executive
Events Marketing Specialist,Marketing
Senior Threat Hunter,Security
Security Software Engineer,Software Engineer
Group Account Director,Sales
IT Support Administrator,Helpdesk
Executive Assistant to Senior Leadership,Executive Assistant
Senior Treasury Analyst,Finance
"VP, Information Technology",IT
Head of Total Rewards,HR
Regulatory Affairs Specialist,Legal
Chief Technology Officer,Executive
Chief of Staff to the President,Executive Assistant
VP of Demand Generation,Marketing
PA to the Directors,Executive Assistant
Head of HR,HR
Datacenter Infrastructure Engineer,IT
Enterprise Network Architect,IT
Desktop Support Specialist,Helpdesk
Senior Commercial Counsel,Legal
Android Engineer,Software Engineer
Executive Assistant to the Partners,Executive Assistant
Entry Level Help Desk Technician,Helpdesk
Virtual CISO (vCISO),Security
Human Resources Specialist,HR
Service Desk Coordinator,Helpdesk
Vulnerability Management Analyst,Security
General Partner,Executive
Corporate Officer,Executive
Sales Enablement Manager,Sales
Chief of Staff to the CEO,Executive
VP of Human Resources,HR
Contract Lifecycle Manager,Legal
Senior Privacy Counsel,Legal
Consejero Delegado,Executive
L&D Manager,HR
Marketing Specialist,Marketing
Senior Service Desk Analyst,Helpdesk
"Managing Editor, Content Marketing",Marketing
Senior Business Development Manager,Sales
BDR,Sales
Senior React Engineer,Software Engineer
Special Assistant to the President,Executive Assistant
Security Awareness & Training Manager,Security
Marketing Coordinator,Marketing
Regional Account Manager,Sales
QA Automation Engineer,Software Engineer
Senior Software Developer,Software Engineer
Linux Server Administrator,IT
Billing Manager,Finance
VP of Treasury,Finance
Judicial Law Clerk,Legal
Group Chief Financial Officer,Finance
Incident Response Lead,Security
Confidential Secretary to the Managing Director,Executive Assistant
JavaScript Engineer,Software Engineer
Employment Attorney,Legal
VP of Sales,Sales
Cyber Security Consultant,Security
Executive Business Partner to the CEO,Executive Assistant
DEIB Program Manager,HR
Alliance Manager,Sales
Solicitor,Legal
Toimitusjohtaja,Executive
PA to the Managing Director,Executive Assistant
SEO Specialist,Marketing
Senior IT Support Technician,Helpdesk
IT Help Desk Technician,Helpdesk
Financial Accountant,Finance
CTI Researcher,Security
Third-Party Security Risk Analyst,Security
IT Service Desk Specialist,Helpdesk
Benefits Specialist,HR
Software Development Engineer in Test,Software Engineer
Sales Coach,Sales
PA to the Chief Executive,Executive Assistant
Corporate Paralegal,Legal
Media Relations Manager,Marketing
Interim Chief Marketing Officer,Marketing
Platform Engineer,Software Engineer
Deputy COO,Executive
End User Support Analyst,Helpdesk
Tier 1 IT Support Specialist,Helpdesk
Linux Systems Administrator,IT
Red Team Engineer,Security
"Senior Director, IT",IT
EA / Chief of Staff,Executive Assistant
IT Infrastructure Manager,IT
Chief Audit Executive,Finance
Blue Team Analyst,Security
Executive Assistant to the SVP of Sales,Executive Assistant
Trademark Attorney,Legal
Desktop Support Associate,Helpdesk
Controller,Finance
"Regional Sales Director, Central US",Sales
Administrative Assistant to the President,Executive Assistant
Senior Payroll Specialist,HR
Red Team Lead,Security
"Manager, Technical Recruiting",HR
Senior Sales Engineer,Sales
Vulnerability Assessment Specialist,Security
Senior Community Manager,Marketing
Divisional General Counsel,Legal
Threat Detection Engineer,Security
Executive Liaison to the CEO,Executive Assistant
Technical Sourcer,HR
Global Head of Operations,Executive
Field Support Specialist,Helpdesk
L2 Service Desk Engineer,Helpdesk
Administrative Business Partner to the CEO,Executive Assistant
Business Development Executive,Sales
Senior Platform Engineer,Software Engineer
HR Administrator,HR
"VP, Growth Marketing",Marketing
Senior Solutions Engineer,Sales
IT Support Manager,Helpdesk
Senior Software Engineer,Software Engineer
Head of Internal Audit,Finance
Tax Attorney,Legal
Field Sales Representative,Sales
Executive Office Manager,Executive Assistant
In-House Attorney,Legal
首席执行官,Executive
Junior Desktop Support Technician,Helpdesk
Attack Surface Management Analyst,Security
Accounts Payable Clerk,Finance
React Developer,Software Engineer
Endpoint Engineer,IT
Accountant,Finance
Lead DevOps Engineer,Software Engineer
AE - SMB Segment,Sales
Генеральный директор,Executive
Legal Coordinator,Legal
Defensive Security Engineer,Security
Director of FP&A,Finance
Accounting Manager,Finance
Legal Program Manager,Legal
Corporate FP&A Manager,Finance
Programmer Analyst,Software Engineer
Staff Counsel,Legal
NetAdmin,IT
Service Desk Lead,Helpdesk
Senior PA to the Chairman,Executive Assistant
Automation Engineer,Software Engineer
IT Service Desk Team Lead,Helpdesk
IP Paralegal,Legal
Corporate Finance Analyst,Finance
Employee Engagement Specialist,HR
Accounts Receivable Manager,Finance
Real Estate Attorney,Legal
Chief Investment Officer,Executive
Marketing Intern,Marketing
Service Desk Analyst,Helpdesk
BDR Team Lead,Sales
Tier 1 Service Desk Analyst,Helpdesk
"Manager, IT Infrastructure",IT
Senior Managing Director,Executive
Tier 2 Support Technician,Helpdesk
Principal Data Engineer,Software Engineer
Executive Administrative Coordinator to the CEO,Executive Assistant
"Executive Assistant, Office of the Chair",Executive Assistant
Privacy Compliance Manager,Legal
Confidential Executive Assistant,Executive Assistant
Revenue Manager,Finance
Chief of Staff and Executive Assistant,Executive Assistant
Executive Assistant to the CIO,Executive Assistant
Senior Content Marketing Manager,Marketing
Desktop Support Lead,Helpdesk
Server Engineer,IT
Divisional President,Executive
Owner & Operator,Executive
PA to the CEO,Executive Assistant
Brand Strategist,Marketing
DevSecOps Lead,Security
Procurement Counsel,Legal
Senior Brand Strategist,Marketing
Incident Response Analyst,Security
Director of Marketing,Marketing
Tier 3 Desktop Support Engineer,Helpdesk
Director of People Analytics,HR
Senior Administrative Business Partner,Executive Assistant
Group Financial Controller,Finance
Software Development Engineer II,Software Engineer
Assistant Management Accountant,Finance
HR Manager,HR
GCP Infrastructure Engineer,IT
Legal Specialist,Legal
Accounting Clerk,Finance
Finance Operations Analyst,Finance
Senior Android Developer,Software Engineer
CTO,Executive
M365 Administrator,IT
Senior Executive Administrative Assistant,Executive Assistant
CHRO,Executive
SVP,Executive
Executive Assistant to the Managing Partner,Executive Assistant
Senior SOC Analyst,Security
Offensive Security Consultant,Security
Legal Assistant,Legal
Transactional Attorney,Legal
SharePoint Administrator,IT
Citrix Administrator,IT
Personal Assistant to the Partners,Executive Assistant
EVP,Executive
Associate General Counsel,Legal
Onsite IT Support Specialist,Helpdesk
Global Brand Manager,Marketing
VP of Partnerships,Sales
Programmer,Software Engineer
Endpoint Administrator,IT
Software Supply Chain Security Engineer,Security
Head of Product Marketing,Marketing
Financial Reporting Manager,Finance
MLOps Engineer,Software Engineer
Sales Team Lead,Sales
Help Desk Team Lead,Helpdesk
Senior HR Generalist,HR
"Regional HR Director, EMEA",HR
Senior SDET,Software Engineer
Legal Operations Coordinator,Legal
Talent Acquisition Coordinator,HR
Corporate Account Executive,Sales
"Director of Diversity, Equity & Inclusion",HR
Ethical Hacker,Security
Detection Engineer,Security
Digital Marketing Manager,Marketing
Malware Analyst,Security
Senior Legal Counsel,Legal
Senior Engineering Manager,Software Engineer
"Director, HR Business Partners",HR
Billing Specialist,Finance
GRC Analyst,Security
AML Compliance Officer,Legal
Associate Director of Talent Acquisition,HR
Second Line Support Analyst,Helpdesk
VP of Finance,Finance
Network Security Engineer,IT
Director of Treasury,Finance
Finance Director,Finance
Advocate,Legal
Founder,Executive
Head of Security Engineering,Security
Director of Content Marketing,Marketing
Contracts Analyst,Legal
Content Marketing Manager,Marketing
Accounts Assistant,Finance
NOC Technician,IT
"Senior Vice President, Sales",Sales
Senior Desktop Support Technician,Helpdesk
Identity Governance Analyst,Security
SDR Manager,Sales
Growth Marketing Manager,Marketing
Systems Integration Engineer,IT
CMO,Executive
Chairman of the Board,Executive
Rust Engineer,Software Engineer
Personal Assistant to the President,Executive Assistant
Systems Software Engineer,Software Engineer
Interim Chief Financial Officer,Finance
Regulatory Counsel,Legal
Systems Deployment Engineer,IT
IT Support Technician,Helpdesk
Strategic Customer Success Manager,Sales
Application Security Engineer,Security
Privacy Program Manager,Legal
IT Service Desk Engineer,Helpdesk
Revenue Analyst,Finance
Interim CEO,Executive
Regional Vice President & General Manager,Executive
Deputy CIO,IT
Lead Security Architect,Security
Service Desk Support Technician,Helpdesk
Backend Engineer,Software Engineer
Tier 1 Technical Support Specialist,Helpdesk
Marketing Operations Manager,Marketing
Network Operations Center Engineer,IT
Certified Public Accountant,Finance
Founder & CEO,Executive
IT Automation Engineer,IT
Corporate Compliance Officer,Legal
GCP Security Engineer,Security
Messaging Administrator,IT
Regulatory Affairs Associate,Legal
Product Security Engineer,Security
Marketing Automation Manager,Marketing
HR Generalist,HR
Engineering Manager,Software Engineer
Collections Manager,Finance
President & General Manager,Executive
Network Engineer,IT
SDR Team Lead,Sales
Smart Contract Engineer,Software Engineer
Trademark Counsel,Legal
Senior HR Business Partner,HR
End User Support Specialist,Helpdesk
Technical Support Associate,Helpdesk
Help Desk Manager,Helpdesk
Digital Marketing Coordinator,Marketing
Secretary to the Managing Director,Executive Assistant
IT Support Desk Analyst,Helpdesk
Director of Total Rewards,HR
President,Executive
Partner Account Manager,Sales
Legal Secretary,Legal
Communications Specialist,Marketing
Global Account Manager,Sales
Staff Attorney,Legal
IT Infrastructure Specialist,IT
Company Secretary and Executive Assistant,Executive Assistant
Enterprise Systems Administrator,IT
Talent Acquisition Director,HR
Algemeen Directeur,Executive
Head of Communications,Marketing
"President, International",Executive
Product Marketing Manager,Marketing
Fund Accountant,Finance
Talent Sourcer,HR
Senior Embedded Engineer,Software Engineer
Executive Assistant to the EVP,Executive Assistant
End User Support Technician,Helpdesk
Compliance Analyst,Legal
Internal Audit Manager,Finance
Director of Customer Success,Sales
Ruby on Rails Developer,Software Engineer
QA Engineer,Software Engineer
Paid Search Manager,Marketing
Influencer Marketing Manager,Marketing
EA to the Partners,Executive Assistant
Junior Accountant,Finance
Talent Acquisition Specialist,HR
Cyber Security Analyst,Security
Regulatory Compliance Analyst,Legal
Attorney,Legal
Network Architect,IT
Talent Coordinator,HR
Executive Assistant / Board Liaison,Executive Assistant
Associate Help Desk Analyst,Helpdesk
VP of Field Sales,Sales
Tier 3 Help Desk Engineer,Helpdesk
Global Head of People,HR
Service Desk Technician,Helpdesk
Executive Business Partner to the CFO,Executive Assistant
Enterprise Account Manager,Sales
IT Service Desk Analyst,Helpdesk
Chief Executive Officer & President,Executive
Head of Infrastructure & Operations,IT
Senior QA Engineer,Software Engineer
Campus Recruiter,HR
Patent Attorney,Legal
Executive Business Partner,Executive Assistant
HRIS Manager,HR
Network Security Architect,Security
Head of People,HR
SOC Shift Lead,Security
Senior Financial Analyst,Finance
Talent Partner,HR
SAN/NAS Engineer,IT
IT Field Technician,Helpdesk
Director of Intellectual Property,Legal
Deputy Company Secretary,Legal
Territory Sales Representative,Sales
People Ops Manager,HR
Territory Sales Manager,Sales
PR Manager,Marketing
Chief Commercial Officer,Executive
Cost & Management Accountant,Finance
Principal SRE,Software Engineer
Sourcing Specialist,HR
IT Operations Analyst,IT
Senior API Developer,Software Engineer
Head of DEI,HR
Corporate Finance Manager,Finance
Outside Sales Representative,Sales
Senior Red Team Operator,Security
Executive Administrative Assistant to the President,Executive Assistant
Chairwoman,Executive
Business Development Director,Sales
Senior Vice President,Executive
Marketing Communications Manager,Marketing
Senior Revenue Analyst,Finance
Renewals Account Executive,Sales
Benefits Manager,HR
Treasury Analyst,Finance
Product Sales Specialist,Sales
TypeScript Engineer,Software Engineer
Staff Software Engineer,Software Engineer
Security Automation Engineer,Security
Service Desk Operator,Helpdesk
Demand Generation Manager,Marketing
IT Support Lead,Helpdesk
Software Engineer III,Software Engineer
IT Support Specialist,Helpdesk
Client Technical Support Specialist,Helpdesk
Payroll Accountant,Finance
Assistant Brand Manager,Marketing
Executive Assistant II,Executive Assistant
Help Desk Coordinator,Helpdesk
Vorsitzender der Geschäftsführung,Executive
Credit & Collections Analyst,Finance
Directory Services Administrator,IT
"AM, Enterprise",Sales
Legal Project Manager,Legal
Interim General Counsel,Legal
Executive Assistant to the Chief Marketing Officer,Executive Assistant
Regulatory Affairs Officer,Legal
Renewals Manager,Sales
Law Clerk,Legal
Senior Accounts Payable Specialist,Finance
Recruitment Coordinator,HR
Staff Security Engineer,Security
Chartered Accountant,Finance
Verkställande Direktör,Executive
Azure Administrator,IT
Field Service Technician,Helpdesk
Chief of Staff to the COO,Executive Assistant
Senior Full Stack Engineer,Software Engineer
"Director, Integrated Marketing",Marketing
Geschäftsführer,Executive
Acting Chief Executive Officer,Executive
Ethics and Compliance Manager,Legal
Senior Executive Secretary,Executive Assistant
Litigation Attorney,Legal
Executive Office Coordinator,Executive Assistant
Senior IP Counsel,Legal
Personal Assistant to the CEO,Executive Assistant
Executive Secretary to the Chairman,Executive Assistant
Service Desk Team Leader,Helpdesk
Director of Field Marketing,Marketing
Desktop Support Team Lead,Helpdesk
Performance Marketing Manager,Marketing
Corporate Treasurer,Finance
Tier 2 Service Desk Engineer,Helpdesk
"Governance, Risk & Compliance Specialist",Security
MarTech Manager,Marketing
Lead SysAdmin,IT
Legal Operations Manager,Legal
HR Coordinator,HR
Site Reliability Engineer,Software Engineer
Head of Company,Executive
Angular Developer,Software Engineer
Brand Coordinator,Marketing
Senior Firmware Engineer,Software Engineer
Tier 1 Support Technician,Helpdesk
Senior Server Administrator,IT
Account Growth Executive,Sales
Windows SysAdmin,IT
SOC Analyst I,Security
Recruiting Coordinator,HR
Exchange Administrator,IT
Personal Assistant,Executive Assistant
Executive Aide to the President,Executive Assistant
Office Manager supporting the Executive Team,Executive Assistant
"President, Consumer Division",Executive
Senior DevOps Engineer,Software Engineer
Big Data Engineer,Software Engineer
Talent Acquisition Manager,HR
Senior Incident Response Engineer,Security
Executive Assistant to the Chief Revenue Officer,Executive Assistant
VDI Engineer,IT
Senior Accountant,Finance
VP of Total Rewards,HR
Container Security Engineer,Security
Chief Sales Officer,Sales
Head Bookkeeper,Finance
People Generalist,HR
Pre-Sales Engineer,Sales
Executive Assistant to the CEO,Executive Assistant
Privileged Access Management Engineer,Security
Network Penetration Tester,Security
People Analytics Analyst,HR
Proprietor,Executive
ABM Manager,Marketing
Enterprise Customer Success Manager,Sales
Field CISO,Security
Sole Proprietor,Executive
Director of Partnerships,Sales
Senior Paralegal,Legal
Director of Information Security,Security
Bestuurvoorzitter,Executive
Company President,Executive
Revenue Operations Analyst,Finance
Temporary Executive Assistant to the President,Executive Assistant
Directory Services Engineer,IT
Senior Application Developer,Software Engineer
DEI Manager,HR
Senior People Operations Manager,HR
Cross-Platform Mobile Engineer,Software Engineer
Trainee Solicitor,Legal
SDE I,Software Engineer
Staff ML Engineer,Software Engineer
Principal Financial Analyst,Finance
Vice Chair,Executive
Desktop Support Supervisor,Helpdesk
Senior Field Marketing Manager,Marketing
Recruiting Team Lead,HR
Virtual Executive Assistant to the CEO,Executive Assistant
PR Specialist,Marketing
Senior Tax Manager,Finance
Senior Bookkeeper,Finance
VP of Product Marketing,Marketing
Chief Compliance Officer,Executive
Senior Security Consultant,Security
Senior Network Architect,IT
Assistant Controller,Finance
Senior Database Administrator,IT
Senior Marketing Manager,Marketing
Business Development Manager,Sales
Desktop Engineer,IT
Partner Marketing Manager,Marketing
Executive Assistant to the Hospital CEO,Executive Assistant
Full Charge Bookkeeper,Finance
Named Account Executive,Sales
Senior Internal Auditor,Finance
Executive Assistant to the Board of Directors,Executive Assistant
Systems Engineer,IT
Senior Network Security Engineer,Security
Managing Principal,Executive
Senior Systems Engineer,IT
NOC Engineer,IT
Solutions Engineer,Sales
Budget Analyst,Finance
Chief Information Officer,Executive
"Director, IT Operations",IT
Information Security Compliance Manager,Security
Director of Engineering,Software Engineer
Senior Security Engineer,Security
Payroll Coordinator,HR
Security Consultant,Security
SRE,Software Engineer
Senior Product Counsel,Legal
Executive Assistant to the General Counsel,Executive Assistant
Vorstandsvorsitzender,Executive
L&D Specialist,HR
Chief Marketing Officer,Executive
Associate Software Engineer,Software Engineer
Head of Go-to-Market,Sales
Owner,Executive
DevOps Engineer,Software Engineer
Commercial Finance Manager,Finance
Technical Support Consultant,Helpdesk
Junior Information Security Analyst,Security
Group COO,Executive
Senior Sales Representative,Sales
Executive Assistant to the Vice-Chancellor,Executive Assistant
IT Support Engineer,Helpdesk
Vice President of Employee Experience,HR
Employment Solicitor,Legal
Desktop Support Analyst,Helpdesk
VP of Engineering,Software Engineer
Outbound Business Development Representative,Sales
PA to the Board,Executive Assistant
Head of Content,Marketing
Senior Legal Assistant,Legal
Director Ejecutivo,Executive
Help Desk Operator,Helpdesk
Regional Sales Manager,Sales
Chief Executive Officer,Executive
Group President,Executive
SEO/SEM Manager,Marketing
Public Relations Manager,Marketing
L2 Support Analyst,Helpdesk
Data Engineer,Software Engineer
Campaign Manager,Marketing
VP of Revenue,Sales
Senior Business Development Representative,Sales
Regional Managing Director,Executive
Assistant Company Secretary,Legal
President & Managing Partner,Executive
Principal Infrastructure Engineer,IT
Security Compliance Analyst,Security
Cyber Forensics Examiner,Security
Director of Internal Audit,Finance
Contracts Counsel,Legal
Blue Team Engineer,Security
National Sales Manager,Sales
Microsoft 365 Administrator,IT
Purple Team Engineer,Security
Principal Counsel,Legal
Help Desk Support Specialist,Helpdesk
"Regional People Manager, APAC",HR
Compliance Coordinator,Legal
Head of Detection & Response,Security
Inside Account Executive,Sales
Internal Auditor,Finance
Systems Administrator,IT
Litigation Solicitor,Legal
Executive Assistant and Events Coordinator to the CEO,Executive Assistant
Compliance Officer,Legal
Territory Manager,Sales
Executive Assistant to the Superintendent,Executive Assistant
Lead Infrastructure Engineer,IT
"VP of Sales, North America",Sales
Head of Digital Marketing,Marketing
Technical Support Advisor,Helpdesk
CPO,Executive
Legal Intern,Legal
Executive Assistant,Executive Assistant
IT Analyst,IT
Contract Executive Assistant to the CEO,Executive Assistant
Executive Recruiter,HR
Regulatory Affairs Manager,Legal
Security Tooling Engineer,Security
Sales Specialist,Sales
Chief Transformation Officer,Executive
Remote IT Support Specialist,Helpdesk
Regulatory Compliance Manager,Legal
Growth Marketer,Marketing
Information Security Manager,Security
Sales Ops Specialist,Sales
Head of Data Protection,Legal
Application Security Architect,Security
Lead Recruiter,HR
Revenue Operations Manager,Sales
Group Managing Director,Executive
Outbound SDR,Sales
Database Administrator,IT
Systems and Network Administrator,IT
SysAdmin,IT
Infrastructure Engineer,IT
VP of IT,IT
Chief Administrative Officer,Executive
Head of Marketing,Marketing
Director of Digital Marketing,Marketing
Directory Services Security Engineer,Security
Financial Analyst,Finance
People Operations Specialist,HR
Director of SEO,Marketing
Business Development Representative,Sales
General Manager & Managing Director,Executive
Reverse Engineer (Malware),Security
Special Assistant to the Chairman,Executive Assistant
Confidential Assistant to the CEO,Executive Assistant
Chief People Officer,Executive
Technical Support Technician,Helpdesk
Financial Planning & Analysis Lead,Finance
VP of Talent Acquisition,HR
Junior Account Executive,Sales
Executive Director,Executive
"AE, Enterprise",Sales
Sales Engineer,Sales
Employee Relations Manager,HR
Legal Operations Analyst,Legal
Private Secretary to the Chairman,Executive Assistant
Lead Sales Engineer,Sales
National Sales Director,Sales
Interim Executive Assistant to the Managing Director,Executive Assistant
"Senior HRBP, Engineering",HR
Second Line Support Engineer,Helpdesk
Staff SWE,Software Engineer
Billing Coordinator,Finance
iOS Engineer,Software Engineer
Hyper-V Administrator,IT
Senior Corporate Counsel,Legal
Financial Planning Analyst,Finance
Board Advisor,Executive
Technical Support Manager,Helpdesk
Help Desk Associate,Helpdesk
National Account Manager,Sales
Executive Personal Assistant to the CEO,Executive Assistant
Cloud Security Engineer,Security
Strategic Account Executive,Sales
Infrastructure Operations Engineer,IT
Release Engineer,Software Engineer
People Partner,HR
Business Unit Controller,Finance
Founder & Chairman,Executive
Executive Administrative Assistant to the CEO,Executive Assistant
Test Automation Engineer,Software Engineer
Onboarding Manager,HR
Accounts Payable Supervisor,Finance
FP&A Analyst,Finance
First Line Support Technician,Helpdesk
Marketing Operations Specialist,Marketing
Server-Side Engineer,Software Engineer
Deputy Chief Executive Officer,Executive
VP of Business Development,Sales
Data Privacy Officer,Legal
Executive Assistant to the President,Executive Assistant
VP of Customer Success,Sales
Embedded Systems Developer,Software Engineer
IT Operations Specialist,IT
Legal Consultant,Legal
Senior Social Media Manager,Marketing
First Line Support Analyst,Helpdesk
Onboarding Coordinator,HR
Office Manager and Executive Assistant,Executive Assistant
Infrastructure Software Engineer,Software Engineer
Senior Account Executive,Sales
CI/CD Engineer,Software Engineer
People Business Partner,HR
Application Security Analyst,Security
End User Computing Analyst,Helpdesk
Oracle DBA,IT
Android Software Engineer,Software Engineer
"Director, Security Operations",Security
PC Support Specialist,Helpdesk
Tax Manager,Finance
Social Media Coordinator,Marketing
End User Services Technician,Helpdesk
Principal Security Consultant,Security
Principal Account Executive,Sales
Server Systems Engineer,IT
Recruiting Specialist,HR
Assistant Treasurer,Finance
"President, Americas",Executive
Business Owner,Executive
Distinguished Software Engineer,Software Engineer
Technical Recruiter,HR
Partner Sales Manager,Sales
L&D Coordinator,HR
Senior Vulnerability Analyst,Security
VP of Marketing,Marketing
Executive Assistant to the Country Manager,Executive Assistant
Detection & Response Engineer,Security
HRIS Coordinator,HR
Social Media Specialist,Marketing
Infrastructure Architect,IT
DEI Coordinator,HR
Graphics Engineer,Software Engineer
Contracts Manager,Legal
RevOps Manager,Sales
MDM Administrator,IT
Senior Systems Administrator,IT
Service Desk Agent,Helpdesk
IT Audit Manager,Finance
Adversary Emulation Engineer,Security
HRIS Analyst,HR
Game Developer,Software Engineer
Finance Manager,Finance
Administrative Assistant to the Managing Director,Executive Assistant
Lead Legal Counsel,Legal
Immigration Paralegal,Legal
SVP of Marketing,Marketing
IT Service Desk Agent,Helpdesk
TA Specialist,HR
Territory Account Executive,Sales
Solutions Engineering Manager,Sales
SVP of Sales,Sales
Full-Stack Developer,Software Engineer
Storage and Backup Engineer,IT
Country Managing Director,Executive
Software Architect,Software Engineer
C++ Software Engineer,Software Engineer
Forensic Investigator,Security
People Operations Lead,HR
Geschäftsführerin,Executive
Board Liaison and Executive Assistant,Executive Assistant
Senior Brand Manager,Marketing
IT Support Associate,Helpdesk
Adversary Simulation Specialist,Security
Joint Managing Director,Executive
"EVP, Marketing",Marketing
Compensation Analyst,HR
PHP Developer,Software Engineer
Offensive Security Engineer,Security
Executive Secretary,Executive Assistant
Senior Financial Reporting Analyst,Finance
Directeur Général,Executive
Service Desk Associate,Helpdesk
Deputy Treasurer,Finance
AppSec Lead,Security
Enterprise Systems Engineer,IT
Chief of Staff,Executive
User Support Technician,Helpdesk
Senior IT Analyst,IT
Gerente General,Executive
Lead Executive Business Partner,Executive Assistant
Customer Success Account Manager,Sales
董事长,Executive
IT Service Desk Technician,Helpdesk
Service Desk Team Lead,Helpdesk
"AE, Mid-Market",Sales
Director of People Operations,HR
General Counsel and Chief Compliance Officer,Legal
"SVP, People",HR
Director of Lifecycle Marketing,Marketing
Staff Full-Stack Engineer,Software Engineer
Director of Product Marketing,Marketing
"Manager, Sales Development",Sales
Content Producer,Marketing
Treasury Manager,Finance
Junior Finance Analyst,Finance
Bookkeeper,Finance
In-House Counsel,Legal
Chief Sustainability Officer,Executive
IAM Architect,Security
People Operations Manager,HR
Senior Product Marketing Manager,Marketing
Senior Customer Success Manager,Sales
Head of Financial Planning & Analysis,Finance
Senior Growth Marketing Manager,Marketing
Chairperson,Executive
Head of Global Sales,Sales
Head of Litigation,Legal
Network Infrastructure Engineer,IT
Accounts Receivable Specialist,Finance
Accounts Payable Manager,Finance
Accounts Receivable Analyst,Finance
Principal Network Engineer,IT
Diversity & Inclusion Specialist,HR
VDI Administrator,IT
End User Services Analyst,Helpdesk
Sales Development Representative,Sales
Head of Lifecycle Marketing,Marketing
Director of Financial Reporting,Finance
Marketing Analytics Manager,Marketing
Founding Managing Partner,Executive
Tax Compliance Specialist,Finance
Exchange Engineer,IT
Web Marketing Manager,Marketing
Director of Compensation & Benefits,HR
Lead Penetration Tester,Security
Applications Programmer,Software Engineer
Employee Relations Consultant,HR
Senior Vice President and General Counsel,Legal
CIO,Executive
Computer Support Technician,Helpdesk
HR Director,HR
Chief Legal and Compliance Officer,Legal
Content Manager,Marketing
Zero Trust Architect,Security
Senior Cloud Infrastructure Engineer,IT
Deskside Support Analyst,Helpdesk
Bilingual Executive Assistant to the Chairman,Executive Assistant
Senior Compliance Officer,Legal
Cloud Systems Administrator,IT
VP of Legal Operations,Legal
Chief Data Officer,Executive
Solutions Consultant,Sales
Président-Directeur Général,Executive
People Ops Coordinator,HR
Lead Development Representative,Sales
SOC Team Lead,Security
"Founder, CEO & Chairman",Executive
Managing Partner,Executive
Marketing Operations Analyst,Marketing
HR Business Partner,HR
Human Resources Coordinator,HR
Accounts Payable Analyst,Finance
Commercial Account Executive,Sales
Managing Director UK & Ireland,Executive
VP of Tax,Finance
Server Administrator,IT
Junior Legal Counsel,Legal
IT Service Desk Manager,Helpdesk
Learning & Development Specialist,HR
Access Management Specialist,Security
Learning Experience Designer,HR
Sales Consultant,Sales
Area Sales Manager,Sales
Computer Support Specialist,Helpdesk
"EVP, General Counsel and Corporate Secretary",Legal
IT Infrastructure Analyst,IT
Help Desk Lead,Helpdesk
Digital Forensics Analyst,Security
EA to the CFO,Executive Assistant
Workforce Planning Manager,HR
MEAN Stack Developer,Software Engineer
Director of Contracts,Legal
Chief Digital Officer,Executive
Head of Revenue,Sales
IT Field Support Engineer,Helpdesk
Lead Corporate Counsel,Legal
PMM,Marketing
Commercial Contracts Counsel,Legal
Government Affairs Counsel,Legal
Head of Cyber Security,Security
C# Developer,Software Engineer
Named Account Manager,Sales
Channel Sales Director,Sales
Senior Controller,Finance
代表取締役社長,Executive
Deputy CISO,Security
IP Manager,Legal
Paralegal,Legal
Endpoint Security Engineer,Security
Personal Assistant to the Managing Director,Executive Assistant
Data Platform Engineer,Software Engineer
"Vice President, Global Sales",Sales
Performance Marketing Specialist,Marketing
Data Center Technician,IT
Partnerships Manager,Sales
Performance Test Engineer,Software Engineer
Field Support Technician,Helpdesk
React Native Developer,Software Engineer
Marketing Campaign Specialist,Marketing
Compensation & Benefits Lead,HR
Cloud Software Engineer,Software Engineer
Senior Programmer Analyst,Software Engineer
Contracts Paralegal,Legal
Marketing Technology Manager,Marketing
IT Manager,IT
Director of Social Media,Marketing
Recruiting Manager,HR
Director of Recruiting,HR
Machine Learning Engineer,Software Engineer
Sales Operations Analyst,Sales
Billing Analyst,Finance
Culture & Engagement Specialist,HR
